{"name":"Autodesk Design Description","version":"0.1","designDescription":{"id":"9C61C316-BDE6-E442-A064-D055F7A41242","name":"dobby","currentVersion":"1","designGraphs":[{"creationDate":"2017-03-02 15:06:17","creatingService":"adsk.dwgextractor","rootIds":[1],"designObjectRefs":[],"designObjects":[{"id":1,"version":0,"about":"urn:adsk.objects:os.object:extract-autodesk-io-2017/dobby.dwg","relativePath":".\\dobby.dwg","displayName":"dobby","contentType":"image/vnd.dwg","shareInfo":null,"references":[],"metadata":{"originalFilename":"C:\\worker\\viewing-dwg-lmv\\tmp\\job-2\\9\\dobby.dwg","xrefNotificationStatus":"NotifyNone","xrefNotificationStatusCode":"0","xrefStatus":"Resolved","xrefStatusCode":"1"}}]}]}}